,Reporting Period,CO2 per ship [t]
0,2018,12512.065506759634
1,2019,12193.573870753962
2,2020,11067.352192600176
3,2021,10576.2177030976
4,2022,10615.482566419949
