,Reporting Period,Passenger ship,Container ship,Bulk carrier,LNG carrier,Oil tanker
0,2018,4157.321161290322,3380.5088550057612,1818.3549280782497,2422.214688995217,2795.0800055096415
1,2019,3363.569162011174,3408.9954600550996,1746.266494785624,2661.6889494163433,2791.0054230377127
2,2020,1034.536095238095,2908.8414348302344,1541.9900529100532,2617.2059205776186,2269.925979166664
3,2021,2128.164594594594,2768.6465631929073,1392.559680429862,2112.3838590604028,2187.905680827885
4,2022,3530.0073655913966,2755.3602449646232,1463.2002167338662,2827.738714652955,2045.349056508581
